                  epoch,         train/box_loss,         train/cls_loss,         train/dfl_loss,   metrics/precision(B),      metrics/recall(B),       metrics/mAP50(B),    metrics/mAP50-95(B),           val/box_loss,           val/cls_loss,           val/dfl_loss,                 lr/pg0,                 lr/pg1,                 lr/pg2
                      1,                 1.1259,                 2.6778,                 1.6652,                0.00333,                      1,                0.10049,                0.04877,                0.64688,                 3.2186,                 1.3339,                      0,                      0,                      0
                      2,                 1.3531,                 2.6744,                 1.6945,                0.00333,                      1,                 0.0913,                0.04667,                0.64031,                 3.2114,                 1.3304,              1.604e-05,              1.604e-05,              1.604e-05
                      3,                 1.1485,                 2.7019,                  1.621,                0.00333,                      1,                0.12114,                0.05621,                0.63649,                 3.2021,                 1.3237,              2.416e-05,              2.416e-05,              2.416e-05
                      4,                0.99101,                 2.5778,                 1.4914,                0.00333,                      1,                0.14643,                0.07178,                0.61941,                 3.1948,                  1.311,              2.436e-05,              2.436e-05,              2.436e-05
                      5,                0.87169,                 2.4159,                 1.3062,                0.00333,                      1,                0.15155,                0.07908,                0.60509,                 3.1931,                 1.3094,              1.664e-05,              1.664e-05,              1.664e-05
