                  epoch,         train/box_loss,         train/cls_loss,         train/dfl_loss,   metrics/precision(B),      metrics/recall(B),       metrics/mAP50(B),    metrics/mAP50-95(B),           val/box_loss,           val/cls_loss,           val/dfl_loss,                 lr/pg0,                 lr/pg1,                 lr/pg2
                      1,                 1.4097,                 2.6805,                 1.8483,                0.00333,                      1,                0.10708,                0.04147,                0.66191,                 3.2312,                 1.4399,                  2e-05,                  2e-05,                  2e-05
                      2,                 1.3233,                 2.6618,                 1.7485,                0.00333,                      1,                0.17875,                0.07801,                0.60534,                 3.2242,                 1.3774,              4.812e-05,              4.812e-05,              4.812e-05
                      3,                0.70999,                 2.4269,                 1.3233,                0.00333,                      1,                0.31036,                0.15381,                 0.5544,                 3.1954,                 1.3519,               6.04e-05,               6.04e-05,               6.04e-05
                      4,                0.87323,                  2.318,                 1.4811,                0.00333,                      1,                0.41987,                0.21321,                0.49661,                 3.1762,                 1.3186,              5.684e-05,              5.684e-05,              5.684e-05
                      5,                0.73907,                 2.3415,                 1.4038,                0.00333,                      1,                0.54511,                0.32818,                0.46774,                 3.1659,                 1.2783,              3.744e-05,              3.744e-05,              3.744e-05
